session_id,participant_id,prolific_study_id,prolific_session_id,study_version,trial_index,condition_id,map_id,profile_id,step,action,result,blocked_by,from_x,from_y,to_x,to_y,timestamp,elapsed_ms,response_ms,timing_source
QA-820f3f68-73d9-4284-acad-9e729f313fb2,QA_SYNTHETIC_NOT_A_PARTICIPANT,QA_SYNTHETIC,QA_SYNTHETIC,navigation-human-2026-09-27-between-v3,1,2_fence1_suitable,fence1,P_jump,1,N,moved,,2,2,2,1,2026-09-28T01:36:23.611Z,250,250,monotonic_with_logged_resume_gaps
QA-820f3f68-73d9-4284-acad-9e729f313fb2,QA_SYNTHETIC_NOT_A_PARTICIPANT,QA_SYNTHETIC,QA_SYNTHETIC,navigation-human-2026-09-27-between-v3,1,2_fence1_suitable,fence1,P_jump,2,N,moved,,2,1,2,0,2026-09-28T01:36:23.861Z,500,250,monotonic_with_logged_resume_gaps
QA-820f3f68-73d9-4284-acad-9e729f313fb2,QA_SYNTHETIC_NOT_A_PARTICIPANT,QA_SYNTHETIC,QA_SYNTHETIC,navigation-human-2026-09-27-between-v3,1,2_fence1_suitable,fence1,P_jump,3,N,blocked,edge of the land,2,0,2,0,2026-09-28T01:36:24.111Z,750,250,monotonic_with_logged_resume_gaps
QA-820f3f68-73d9-4284-acad-9e729f313fb2,QA_SYNTHETIC_NOT_A_PARTICIPANT,QA_SYNTHETIC,QA_SYNTHETIC,navigation-human-2026-09-27-between-v3,1,2_fence1_suitable,fence1,P_jump,4,S,moved,,2,0,2,1,2026-09-28T01:36:24.361Z,1000,250,monotonic_with_logged_resume_gaps
QA-820f3f68-73d9-4284-acad-9e729f313fb2,QA_SYNTHETIC_NOT_A_PARTICIPANT,QA_SYNTHETIC,QA_SYNTHETIC,navigation-human-2026-09-27-between-v3,1,2_fence1_suitable,fence1,P_jump,5,S,moved,,2,1,2,2,2026-09-28T01:36:24.611Z,1250,250,monotonic_with_logged_resume_gaps
QA-820f3f68-73d9-4284-acad-9e729f313fb2,QA_SYNTHETIC_NOT_A_PARTICIPANT,QA_SYNTHETIC,QA_SYNTHETIC,navigation-human-2026-09-27-between-v3,1,2_fence1_suitable,fence1,P_jump,6,S,moved,,2,2,2,3,2026-09-28T01:36:24.861Z,1500,250,monotonic_with_logged_resume_gaps
QA-820f3f68-73d9-4284-acad-9e729f313fb2,QA_SYNTHETIC_NOT_A_PARTICIPANT,QA_SYNTHETIC,QA_SYNTHETIC,navigation-human-2026-09-27-between-v3,1,2_fence1_suitable,fence1,P_jump,7,S,moved,,2,3,2,4,2026-09-28T01:36:25.111Z,1750,250,monotonic_with_logged_resume_gaps
QA-820f3f68-73d9-4284-acad-9e729f313fb2,QA_SYNTHETIC_NOT_A_PARTICIPANT,QA_SYNTHETIC,QA_SYNTHETIC,navigation-human-2026-09-27-between-v3,1,2_fence1_suitable,fence1,P_jump,8,S,moved,,2,4,2,5,2026-09-28T01:36:25.361Z,2000,250,monotonic_with_logged_resume_gaps
QA-820f3f68-73d9-4284-acad-9e729f313fb2,QA_SYNTHETIC_NOT_A_PARTICIPANT,QA_SYNTHETIC,QA_SYNTHETIC,navigation-human-2026-09-27-between-v3,1,2_fence1_suitable,fence1,P_jump,9,S,moved,,2,5,2,6,2026-09-28T01:36:25.611Z,2250,250,monotonic_with_logged_resume_gaps
QA-820f3f68-73d9-4284-acad-9e729f313fb2,QA_SYNTHETIC_NOT_A_PARTICIPANT,QA_SYNTHETIC,QA_SYNTHETIC,navigation-human-2026-09-27-between-v3,1,2_fence1_suitable,fence1,P_jump,10,S,moved,,2,6,2,7,2026-09-28T01:36:25.861Z,2500,250,monotonic_with_logged_resume_gaps
QA-820f3f68-73d9-4284-acad-9e729f313fb2,QA_SYNTHETIC_NOT_A_PARTICIPANT,QA_SYNTHETIC,QA_SYNTHETIC,navigation-human-2026-09-27-between-v3,1,2_fence1_suitable,fence1,P_jump,11,S,moved,,2,7,2,8,2026-09-28T01:36:26.111Z,2750,250,monotonic_with_logged_resume_gaps
QA-820f3f68-73d9-4284-acad-9e729f313fb2,QA_SYNTHETIC_NOT_A_PARTICIPANT,QA_SYNTHETIC,QA_SYNTHETIC,navigation-human-2026-09-27-between-v3,1,2_fence1_suitable,fence1,P_jump,12,S,moved,,2,8,2,9,2026-09-28T01:36:26.361Z,3000,250,monotonic_with_logged_resume_gaps
QA-820f3f68-73d9-4284-acad-9e729f313fb2,QA_SYNTHETIC_NOT_A_PARTICIPANT,QA_SYNTHETIC,QA_SYNTHETIC,navigation-human-2026-09-27-between-v3,1,2_fence1_suitable,fence1,P_jump,13,S,moved,,2,9,2,10,2026-09-28T01:36:26.611Z,3250,250,monotonic_with_logged_resume_gaps
QA-820f3f68-73d9-4284-acad-9e729f313fb2,QA_SYNTHETIC_NOT_A_PARTICIPANT,QA_SYNTHETIC,QA_SYNTHETIC,navigation-human-2026-09-27-between-v3,1,2_fence1_suitable,fence1,P_jump,14,S,jumped,,2,10,2,12,2026-09-28T01:36:26.861Z,3500,250,monotonic_with_logged_resume_gaps
QA-820f3f68-73d9-4284-acad-9e729f313fb2,QA_SYNTHETIC_NOT_A_PARTICIPANT,QA_SYNTHETIC,QA_SYNTHETIC,navigation-human-2026-09-27-between-v3,1,2_fence1_suitable,fence1,P_jump,15,S,moved,,2,12,2,13,2026-09-28T01:36:27.111Z,3750,250,monotonic_with_logged_resume_gaps
